INSERT INTO THEATERS (ID, NAME) VALUES ('1', 'Kyiv');
INSERT INTO THEATERS (ID, NAME) VALUES ('2', 'Lviv');

INSERT INTO HALLS (ID, NAME, THEATER_ID) VALUES ('1', 'KYIV-A', '1');
INSERT INTO HALLS (ID, NAME, THEATER_ID) VALUES ('2', 'KYIV-B', '1');
INSERT INTO HALLS (ID, NAME, THEATER_ID) VALUES ('3', 'LVIV-A', '2');
INSERT INTO HALLS (ID, NAME, THEATER_ID) VALUES ('4', 'LVIV-B', '2');

INSERT INTO SEATS (ROW_NUMBER, SEAT_NUMBER, SEAT_TYPE, HALL_ID) VALUES ('1', '1', 'COMMON', '1');
INSERT INTO SEATS (ROW_NUMBER, SEAT_NUMBER, SEAT_TYPE, HALL_ID) VALUES ('1', '2', 'COMMON', '1');
INSERT INTO SEATS (ROW_NUMBER, SEAT_NUMBER, SEAT_TYPE, HALL_ID) VALUES ('1', '3', 'COMMON', '1');
INSERT INTO SEATS (ROW_NUMBER, SEAT_NUMBER, SEAT_TYPE, HALL_ID) VALUES ('1', '4', 'COMMON', '1');
INSERT INTO SEATS (ROW_NUMBER, SEAT_NUMBER, SEAT_TYPE, HALL_ID) VALUES ('1', '5', 'COMMON', '1');
INSERT INTO SEATS (ROW_NUMBER, SEAT_NUMBER, SEAT_TYPE, HALL_ID) VALUES ('1', '6', 'COMMON', '1');

INSERT INTO SEATS (ROW_NUMBER, SEAT_NUMBER, SEAT_TYPE, HALL_ID) VALUES ('2', '1', 'COMMON', '1');
INSERT INTO SEATS (ROW_NUMBER, SEAT_NUMBER, SEAT_TYPE, HALL_ID) VALUES ('2', '2', 'COMMON', '1');
INSERT INTO SEATS (ROW_NUMBER, SEAT_NUMBER, SEAT_TYPE, HALL_ID) VALUES ('2', '3', 'COMMON', '1');
INSERT INTO SEATS (ROW_NUMBER, SEAT_NUMBER, SEAT_TYPE, HALL_ID) VALUES ('2', '4', 'COMMON', '1');
INSERT INTO SEATS (ROW_NUMBER, SEAT_NUMBER, SEAT_TYPE, HALL_ID) VALUES ('2', '5', 'COMMON', '1');
INSERT INTO SEATS (ROW_NUMBER, SEAT_NUMBER, SEAT_TYPE, HALL_ID) VALUES ('2', '6', 'COMMON', '1');

INSERT INTO SEATS (ROW_NUMBER, SEAT_NUMBER, SEAT_TYPE, HALL_ID) VALUES ('3', '1', 'COMMON', '1');
INSERT INTO SEATS (ROW_NUMBER, SEAT_NUMBER, SEAT_TYPE, HALL_ID) VALUES ('3', '2', 'COMMON', '1');
INSERT INTO SEATS (ROW_NUMBER, SEAT_NUMBER, SEAT_TYPE, HALL_ID) VALUES ('3', '3', 'COMMON', '1');
INSERT INTO SEATS (ROW_NUMBER, SEAT_NUMBER, SEAT_TYPE, HALL_ID) VALUES ('3', '4', 'COMMON', '1');
INSERT INTO SEATS (ROW_NUMBER, SEAT_NUMBER, SEAT_TYPE, HALL_ID) VALUES ('3', '5', 'COMMON', '1');
INSERT INTO SEATS (ROW_NUMBER, SEAT_NUMBER, SEAT_TYPE, HALL_ID) VALUES ('3', '6', 'COMMON', '1');

INSERT INTO SEATS (ROW_NUMBER, SEAT_NUMBER, SEAT_TYPE, HALL_ID) VALUES ('4', '1',  'ADVANCED', '1');;
INSERT INTO SEATS (ROW_NUMBER, SEAT_NUMBER, SEAT_TYPE, HALL_ID) VALUES ('4', '2',  'ADVANCED', '1');;
INSERT INTO SEATS (ROW_NUMBER, SEAT_NUMBER, SEAT_TYPE, HALL_ID) VALUES ('4', '3',  'ADVANCED', '1');;


INSERT INTO SEATS (ROW_NUMBER, SEAT_NUMBER, SEAT_TYPE, HALL_ID) VALUES ('1', '1', 'COMMON', '2');
INSERT INTO SEATS (ROW_NUMBER, SEAT_NUMBER, SEAT_TYPE, HALL_ID) VALUES ('1', '2', 'COMMON', '2');
INSERT INTO SEATS (ROW_NUMBER, SEAT_NUMBER, SEAT_TYPE, HALL_ID) VALUES ('1', '3', 'COMMON', '2');
INSERT INTO SEATS (ROW_NUMBER, SEAT_NUMBER, SEAT_TYPE, HALL_ID) VALUES ('1', '4', 'COMMON', '2');
INSERT INTO SEATS (ROW_NUMBER, SEAT_NUMBER, SEAT_TYPE, HALL_ID) VALUES ('1', '5', 'COMMON', '2');
INSERT INTO SEATS (ROW_NUMBER, SEAT_NUMBER, SEAT_TYPE, HALL_ID) VALUES ('1', '6', 'COMMON', '2');

INSERT INTO SEATS (ROW_NUMBER, SEAT_NUMBER, SEAT_TYPE, HALL_ID) VALUES ('2', '1', 'COMMON', '2');
INSERT INTO SEATS (ROW_NUMBER, SEAT_NUMBER, SEAT_TYPE, HALL_ID) VALUES ('2', '2', 'COMMON', '2');
INSERT INTO SEATS (ROW_NUMBER, SEAT_NUMBER, SEAT_TYPE, HALL_ID) VALUES ('2', '3', 'COMMON', '2');
INSERT INTO SEATS (ROW_NUMBER, SEAT_NUMBER, SEAT_TYPE, HALL_ID) VALUES ('2', '4', 'COMMON', '2');
INSERT INTO SEATS (ROW_NUMBER, SEAT_NUMBER, SEAT_TYPE, HALL_ID) VALUES ('2', '5', 'COMMON', '2');
INSERT INTO SEATS (ROW_NUMBER, SEAT_NUMBER, SEAT_TYPE, HALL_ID) VALUES ('2', '6', 'COMMON', '2');

INSERT INTO SEATS (ROW_NUMBER, SEAT_NUMBER, SEAT_TYPE, HALL_ID) VALUES ('3', '1', 'COMMON', '2');
INSERT INTO SEATS (ROW_NUMBER, SEAT_NUMBER, SEAT_TYPE, HALL_ID) VALUES ('3', '2', 'COMMON', '2');
INSERT INTO SEATS (ROW_NUMBER, SEAT_NUMBER, SEAT_TYPE, HALL_ID) VALUES ('3', '3', 'COMMON', '2');
INSERT INTO SEATS (ROW_NUMBER, SEAT_NUMBER, SEAT_TYPE, HALL_ID) VALUES ('3', '4', 'COMMON', '2');
INSERT INTO SEATS (ROW_NUMBER, SEAT_NUMBER, SEAT_TYPE, HALL_ID) VALUES ('3', '5', 'COMMON', '2');
INSERT INTO SEATS (ROW_NUMBER, SEAT_NUMBER, SEAT_TYPE, HALL_ID) VALUES ('3', '6', 'COMMON', '2');

INSERT INTO SEATS (ROW_NUMBER, SEAT_NUMBER, SEAT_TYPE, HALL_ID) VALUES ('4', '1', 'COMMON', '2');
INSERT INTO SEATS (ROW_NUMBER, SEAT_NUMBER, SEAT_TYPE, HALL_ID) VALUES ('4', '2', 'COMMON', '2');
INSERT INTO SEATS (ROW_NUMBER, SEAT_NUMBER, SEAT_TYPE, HALL_ID) VALUES ('4', '3', 'COMMON', '2');
INSERT INTO SEATS (ROW_NUMBER, SEAT_NUMBER, SEAT_TYPE, HALL_ID) VALUES ('4', '4', 'COMMON', '2');
INSERT INTO SEATS (ROW_NUMBER, SEAT_NUMBER, SEAT_TYPE, HALL_ID) VALUES ('4', '5', 'COMMON', '2');
INSERT INTO SEATS (ROW_NUMBER, SEAT_NUMBER, SEAT_TYPE, HALL_ID) VALUES ('4', '6', 'COMMON', '2');


INSERT INTO SEATS (ROW_NUMBER, SEAT_NUMBER, SEAT_TYPE, HALL_ID) VALUES ('1', '1', 'COMMON', '3');
INSERT INTO SEATS (ROW_NUMBER, SEAT_NUMBER, SEAT_TYPE, HALL_ID) VALUES ('1', '2', 'COMMON', '3');
INSERT INTO SEATS (ROW_NUMBER, SEAT_NUMBER, SEAT_TYPE, HALL_ID) VALUES ('1', '3', 'COMMON', '3');
INSERT INTO SEATS (ROW_NUMBER, SEAT_NUMBER, SEAT_TYPE, HALL_ID) VALUES ('1', '4', 'COMMON', '3');
INSERT INTO SEATS (ROW_NUMBER, SEAT_NUMBER, SEAT_TYPE, HALL_ID) VALUES ('1', '5', 'COMMON', '3');
INSERT INTO SEATS (ROW_NUMBER, SEAT_NUMBER, SEAT_TYPE, HALL_ID) VALUES ('1', '6', 'COMMON', '3');

INSERT INTO SEATS (ROW_NUMBER, SEAT_NUMBER, SEAT_TYPE, HALL_ID) VALUES ('2', '1', 'COMMON', '3');
INSERT INTO SEATS (ROW_NUMBER, SEAT_NUMBER, SEAT_TYPE, HALL_ID) VALUES ('2', '2', 'COMMON', '3');
INSERT INTO SEATS (ROW_NUMBER, SEAT_NUMBER, SEAT_TYPE, HALL_ID) VALUES ('2', '3', 'COMMON', '3');
INSERT INTO SEATS (ROW_NUMBER, SEAT_NUMBER, SEAT_TYPE, HALL_ID) VALUES ('2', '4', 'COMMON', '3');
INSERT INTO SEATS (ROW_NUMBER, SEAT_NUMBER, SEAT_TYPE, HALL_ID) VALUES ('2', '5', 'COMMON', '3');
INSERT INTO SEATS (ROW_NUMBER, SEAT_NUMBER, SEAT_TYPE, HALL_ID) VALUES ('2', '6', 'COMMON', '3');

INSERT INTO SEATS (ROW_NUMBER, SEAT_NUMBER, SEAT_TYPE, HALL_ID) VALUES ('3', '1', 'COMMON', '3');
INSERT INTO SEATS (ROW_NUMBER, SEAT_NUMBER, SEAT_TYPE, HALL_ID) VALUES ('3', '2', 'COMMON', '3');
INSERT INTO SEATS (ROW_NUMBER, SEAT_NUMBER, SEAT_TYPE, HALL_ID) VALUES ('3', '3', 'COMMON', '3');
INSERT INTO SEATS (ROW_NUMBER, SEAT_NUMBER, SEAT_TYPE, HALL_ID) VALUES ('3', '4', 'COMMON', '3');
INSERT INTO SEATS (ROW_NUMBER, SEAT_NUMBER, SEAT_TYPE, HALL_ID) VALUES ('3', '5', 'COMMON', '3');
INSERT INTO SEATS (ROW_NUMBER, SEAT_NUMBER, SEAT_TYPE, HALL_ID) VALUES ('3', '6', 'COMMON', '3');

INSERT INTO SEATS (ROW_NUMBER, SEAT_NUMBER, SEAT_TYPE, HALL_ID) VALUES ('4', '1', 'ADVANCED', '3');
INSERT INTO SEATS (ROW_NUMBER, SEAT_NUMBER, SEAT_TYPE, HALL_ID) VALUES ('4', '2', 'ADVANCED', '3');
INSERT INTO SEATS (ROW_NUMBER, SEAT_NUMBER, SEAT_TYPE, HALL_ID) VALUES ('4', '3', 'ADVANCED', '3');


INSERT INTO SEATS (ROW_NUMBER, SEAT_NUMBER, SEAT_TYPE, HALL_ID) VALUES ('1', '1', 'COMMON', '4');
INSERT INTO SEATS (ROW_NUMBER, SEAT_NUMBER, SEAT_TYPE, HALL_ID) VALUES ('1', '2', 'COMMON', '4');
INSERT INTO SEATS (ROW_NUMBER, SEAT_NUMBER, SEAT_TYPE, HALL_ID) VALUES ('1', '3', 'COMMON', '4');
INSERT INTO SEATS (ROW_NUMBER, SEAT_NUMBER, SEAT_TYPE, HALL_ID) VALUES ('1', '4', 'COMMON', '4');
INSERT INTO SEATS (ROW_NUMBER, SEAT_NUMBER, SEAT_TYPE, HALL_ID) VALUES ('1', '5', 'COMMON', '4');
INSERT INTO SEATS (ROW_NUMBER, SEAT_NUMBER, SEAT_TYPE, HALL_ID) VALUES ('1', '6', 'COMMON', '4');

INSERT INTO SEATS (ROW_NUMBER, SEAT_NUMBER, SEAT_TYPE, HALL_ID) VALUES ('2', '1', 'COMMON', '4');
INSERT INTO SEATS (ROW_NUMBER, SEAT_NUMBER, SEAT_TYPE, HALL_ID) VALUES ('2', '2', 'COMMON', '4');
INSERT INTO SEATS (ROW_NUMBER, SEAT_NUMBER, SEAT_TYPE, HALL_ID) VALUES ('2', '3', 'COMMON', '4');
INSERT INTO SEATS (ROW_NUMBER, SEAT_NUMBER, SEAT_TYPE, HALL_ID) VALUES ('2', '4', 'COMMON', '4');
INSERT INTO SEATS (ROW_NUMBER, SEAT_NUMBER, SEAT_TYPE, HALL_ID) VALUES ('2', '5', 'COMMON', '4');
INSERT INTO SEATS (ROW_NUMBER, SEAT_NUMBER, SEAT_TYPE, HALL_ID) VALUES ('2', '6', 'COMMON', '4');

INSERT INTO SEATS (ROW_NUMBER, SEAT_NUMBER, SEAT_TYPE, HALL_ID) VALUES ('3', '1', 'COMMON', '4');
INSERT INTO SEATS (ROW_NUMBER, SEAT_NUMBER, SEAT_TYPE, HALL_ID) VALUES ('3', '2', 'COMMON', '4');
INSERT INTO SEATS (ROW_NUMBER, SEAT_NUMBER, SEAT_TYPE, HALL_ID) VALUES ('3', '3', 'COMMON', '4');
INSERT INTO SEATS (ROW_NUMBER, SEAT_NUMBER, SEAT_TYPE, HALL_ID) VALUES ('3', '4', 'COMMON', '4');
INSERT INTO SEATS (ROW_NUMBER, SEAT_NUMBER, SEAT_TYPE, HALL_ID) VALUES ('3', '5', 'COMMON', '4');
INSERT INTO SEATS (ROW_NUMBER, SEAT_NUMBER, SEAT_TYPE, HALL_ID) VALUES ('3', '6', 'COMMON', '4');

INSERT INTO SEATS (ROW_NUMBER, SEAT_NUMBER, SEAT_TYPE, HALL_ID) VALUES ('4', '1',  'ADVANCED', '4');;
INSERT INTO SEATS (ROW_NUMBER, SEAT_NUMBER, SEAT_TYPE, HALL_ID) VALUES ('4', '2',  'ADVANCED', '4');;
INSERT INTO SEATS (ROW_NUMBER, SEAT_NUMBER, SEAT_TYPE, HALL_ID) VALUES ('4', '3',  'ADVANCED', '4');;

--
-- INSERT INTO MOVIES (ID, NAME, IMG, TRAILER_URL, YEAR, COUNTRY, LANGUAGE, GENRES, STARRING, DIRECTOR, WRITTEN_BY, RELEASE_DATE, MOVIE_TIMING, AGE_LIMIT, SYNOPSIS) VALUES (
-- '1',
-- 'Blade runner 2049',
-- 'http://localhost:4000/soon1.png',
-- 'https://www.youtube.com/watch?v=gCcx85zbxz4','2019',
-- 'USA',
-- 'English',
-- 'Biography/Crime/Drama',
-- 'Robert De Niro, Al Pacino, Joe Pesci',
-- 'Martin Scorsese',
-- 'Steven Zaillian (screenplay)/Charles Brandt (book)',
-- '27 November 2019 (USA)',
-- '3h 29min',
-- '+16',
-- 'Lorem ipsum dolor sit amet, consectetur adipiscing elit ut aliquam,purus sit amet luctus venenatis, lectus magna fringilla urna, porttitorrhoncus dolor purus non enim praesent elementum');
--
-- INSERT INTO MOVIES (ID, NAME, IMG, TRAILER_URL, YEAR, COUNTRY, LANGUAGE, GENRES, STARRING, DIRECTOR, WRITTEN_BY, RELEASE_DATE, MOVIE_TIMING, AGE_LIMIT, SYNOPSIS)
-- VALUES (2,
-- 'Attack on Titan',
-- 'http://localhost:4000/soon2.png',
-- 'https://www.youtube.com/watch?v=gCcx85zbxz4',
-- '2019',
-- 'USA',
-- 'English',
-- 'Biography/Crime/Drama',
-- 'Robert De Niro, Al Pacino, Joe Pesci',
-- 'Martin Scorsese',
-- 'Steven Zaillian (screenplay)/Charles Brandt (book)',
-- '27 November 2019 (USA)',
-- '3h 29min',
-- '+16',
-- 'Lorem ipsum dolor sit amet, consectetur adipiscing elit ut aliquam,purus sit amet luctus venenatis, lectus magna fringilla urna, porttitorrhoncus dolor purus non enim praesent elementum');
--
-- INSERT INTO MOVIES (ID, NAME, IMG, TRAILER_URL, YEAR, COUNTRY, LANGUAGE, GENRES, STARRING, DIRECTOR, WRITTEN_BY, RELEASE_DATE, MOVIE_TIMING, AGE_LIMIT, SYNOPSIS)
-- VALUES (3,
-- 'Monster',
-- 'http://localhost:4000/soon3.png',
-- 'https://www.youtube.com/watch?v=gCcx85zbxz4',
-- '2019',
-- 'USA',
-- 'English',
-- 'Biography/Crime/Drama',
-- 'Robert De Niro, Al Pacino, Joe Pesci',
-- 'Martin Scorsese',
-- 'Steven Zaillian (screenplay)/Charles Brandt (book)',
-- '27 November 2019 (USA)',
-- '3h 29min',
-- '+16',
-- 'Lorem ipsum dolor sit amet, consectetur adipiscing elit ut aliquam,purus sit amet luctus venenatis, lectus magna fringilla urna, porttitorrhoncus dolor purus non enim praesent elementum');
--
-- INSERT INTO MOVIES (ID, NAME, IMG, TRAILER_URL, YEAR, COUNTRY, LANGUAGE, GENRES, STARRING, DIRECTOR, WRITTEN_BY, RELEASE_DATE, MOVIE_TIMING, AGE_LIMIT, SYNOPSIS)
-- VALUES (4,
-- 'March Comes in like a lion',
-- 'http://localhost:4000/soon4.png',
-- 'https://www.youtube.com/watch?v=gCcx85zbxz4',
-- '2019',
-- 'USA',
-- 'English',
-- 'Biography/Crime/Drama',
-- 'Robert De Niro, Al Pacino, Joe Pesci',
-- 'Martin Scorsese',
-- 'Steven Zaillian (screenplay)/Charles Brandt (book)',
-- '27 November 2019 (USA)',
-- '3h 29min',
-- '+16',
-- 'Lorem ipsum dolor sit amet, consectetur adipiscing elit ut aliquam,purus sit amet luctus venenatis, lectus magna fringilla urna, porttitorrhoncus dolor purus non enim praesent elementum');
--
-- INSERT INTO MOVIES (ID, NAME, IMG, TRAILER_URL, YEAR, COUNTRY, LANGUAGE, GENRES, STARRING, DIRECTOR, WRITTEN_BY, RELEASE_DATE, MOVIE_TIMING, AGE_LIMIT, SYNOPSIS)
-- VALUES (5,
-- 'Reservoir Dogs',
-- 'http://localhost:4000/soon5.png',
-- 'https://www.youtube.com/watch?v=gCcx85zbxz4',
-- '2019',
-- 'USA',
-- 'English',
-- 'Biography/Crime/Drama',
-- 'Robert De Niro, Al Pacino, Joe Pesci',
-- 'Martin Scorsese',
-- 'Steven Zaillian (screenplay)/Charles Brandt (book)',
-- '27 November 2019 (USA)',
-- '3h 29min',
-- '+16',
-- 'Lorem ipsum dolor sit amet, consectetur adipiscing elit ut aliquam,purus sit amet luctus venenatis, lectus magna fringilla urna, porttitorrhoncus dolor purus non enim praesent elementum');
--
-- INSERT INTO MOVIES (ID, NAME, IMG, TRAILER_URL, YEAR, COUNTRY, LANGUAGE, GENRES, STARRING, DIRECTOR, WRITTEN_BY, RELEASE_DATE, MOVIE_TIMING, AGE_LIMIT, SYNOPSIS)
-- VALUES (6,
-- 'Nier Automata',
-- 'http://localhost:4000/soon6.png',
-- 'https://www.youtube.com/watch?v=gCcx85zbxz4',
-- '2019',
-- 'USA',
-- 'English',
-- 'Biography/Crime/Drama',
-- 'Robert De Niro, Al Pacino, Joe Pesci',
-- 'Martin Scorsese',
-- 'Steven Zaillian (screenplay)/Charles Brandt (book)',
-- '27 November 2019 (USA)',
-- '3h 29min',
-- '+16',
-- 'Lorem ipsum dolor sit amet, consectetur adipiscing elit ut aliquam,purus sit amet luctus venenatis, lectus magna fringilla urna, porttitorrhoncus dolor purus non enim praesent elementum');
--
-- INSERT INTO MOVIES (ID, NAME, IMG, TRAILER_URL, YEAR, COUNTRY, LANGUAGE, GENRES, STARRING, DIRECTOR, WRITTEN_BY, RELEASE_DATE, MOVIE_TIMING, AGE_LIMIT, SYNOPSIS)
-- VALUES (7,
-- 'The Heteful Eight',
-- 'http://localhost:4000/soon7.png',
-- 'https://www.youtube.com/watch?v=gCcx85zbxz4',
-- '2019',
-- 'USA',
-- 'English',
-- 'Biography/Crime/Drama',
-- 'Robert De Niro, Al Pacino, Joe Pesci',
-- 'Martin Scorsese',
-- 'Steven Zaillian (screenplay)/Charles Brandt (book)',
-- '27 November 2019 (USA)',
-- '3h 29min',
-- '+16',
-- 'Lorem ipsum dolor sit amet, consectetur adipiscing elit ut aliquam,purus sit amet luctus venenatis, lectus magna fringilla urna, porttitorrhoncus dolor purus non enim praesent elementum');
--
-- INSERT INTO MOVIES (ID, NAME, IMG, TRAILER_URL, YEAR, COUNTRY, LANGUAGE, GENRES, STARRING, DIRECTOR, WRITTEN_BY, RELEASE_DATE, MOVIE_TIMING, AGE_LIMIT, SYNOPSIS)
-- VALUES (8,
-- 'Django Unchained',
-- 'http://localhost:4000/soon8.png',
-- 'https://www.youtube.com/watch?v=gCcx85zbxz4',
-- '2019',
-- 'USA',
-- 'English',
-- 'Biography/Crime/Drama',
-- 'Robert De Niro, Al Pacino, Joe Pesci',
-- 'Martin Scorsese',
-- 'Steven Zaillian (screenplay)/Charles Brandt (book)',
-- '27 November 2019 (USA)',
-- '3h 29min',
-- '+16',
-- 'Lorem ipsum dolor sit amet, consectetur adipiscing elit ut aliquam,purus sit amet luctus venenatis, lectus magna fringilla urna, porttitorrhoncus dolor purus non enim praesent elementum');
--
-- INSERT INTO MOVIES (ID, NAME, IMG, TRAILER_URL, YEAR, COUNTRY, LANGUAGE, GENRES, STARRING, DIRECTOR, WRITTEN_BY, RELEASE_DATE, MOVIE_TIMING, AGE_LIMIT, SYNOPSIS)
-- VALUES (9,
-- 'Evangelion',
-- 'http://localhost:4000/soon9.png',
-- 'https://www.youtube.com/watch?v=gCcx85zbxz4',
-- '2019',
-- 'USA',
-- 'English',
-- 'Biography/Crime/Drama',
-- 'Robert De Niro, Al Pacino, Joe Pesci',
-- 'Martin Scorsese',
-- 'Steven Zaillian (screenplay)/Charles Brandt (book)',
-- '27 November 2019 (USA)',
-- '3h 29min',
-- '+16',
-- 'Lorem ipsum dolor sit amet, consectetur adipiscing elit ut aliquam,purus sit amet luctus venenatis, lectus magna fringilla urna, porttitorrhoncus dolor purus non enim praesent elementum');
--
-- INSERT INTO MOVIES (ID, NAME, IMG, TRAILER_URL, YEAR, COUNTRY, LANGUAGE, GENRES, STARRING, DIRECTOR, WRITTEN_BY, RELEASE_DATE, MOVIE_TIMING, AGE_LIMIT, SYNOPSIS)
-- VALUES (10,
-- 'The Heteful Eight',
-- 'http://localhost:4000/soon10.png',
-- 'https://www.youtube.com/watch?v=gCcx85zbxz4',
-- '2019',
-- 'USA',
-- 'English',
-- 'Biography/Crime/Drama',
-- 'Robert De Niro, Al Pacino, Joe Pesci',
-- 'Martin Scorsese',
-- 'Steven Zaillian (screenplay)/Charles Brandt (book)',
-- '27 November 2019 (USA)',
-- '3h 29min',
-- '+16',
-- 'Lorem ipsum dolor sit amet, consectetur adipiscing elit ut aliquam,purus sit amet luctus venenatis, lectus magna fringilla urna, porttitorrhoncus dolor purus non enim praesent elementum');
