INSERT INTO THEATERS (ID, NAME) VALUES ('1', 'Kyiv');
INSERT INTO THEATERS (ID, NAME) VALUES ('2', 'Lviv');

INSERT INTO HALLS (ID, NAME, THEATER_ID) VALUES ('1', 'KYIV-A', '1');
INSERT INTO HALLS (ID, NAME, THEATER_ID) VALUES ('2', 'KYIV-B', '1');
INSERT INTO HALLS (ID, NAME, THEATER_ID) VALUES ('3', 'LVIV-A', '2');
INSERT INTO HALLS (ID, NAME, THEATER_ID) VALUES ('4', 'LVIV-B', '2');

INSERT INTO SEATS (ROW_NUMBER, SEAT_NUMBER, SEAT_TYPE, HALL_ID) VALUES ('1', '1', 'COMMON', '1');
INSERT INTO SEATS (ROW_NUMBER, SEAT_NUMBER, SEAT_TYPE, HALL_ID) VALUES ('1', '2', 'COMMON', '1');
INSERT INTO SEATS (ROW_NUMBER, SEAT_NUMBER, SEAT_TYPE, HALL_ID) VALUES ('1', '3', 'COMMON', '1');
INSERT INTO SEATS (ROW_NUMBER, SEAT_NUMBER, SEAT_TYPE, HALL_ID) VALUES ('1', '4', 'COMMON', '1');
INSERT INTO SEATS (ROW_NUMBER, SEAT_NUMBER, SEAT_TYPE, HALL_ID) VALUES ('1', '5', 'COMMON', '1');
INSERT INTO SEATS (ROW_NUMBER, SEAT_NUMBER, SEAT_TYPE, HALL_ID) VALUES ('1', '6', 'COMMON', '1');

INSERT INTO SEATS (ROW_NUMBER, SEAT_NUMBER, SEAT_TYPE, HALL_ID) VALUES ('2', '1', 'COMMON', '1');
INSERT INTO SEATS (ROW_NUMBER, SEAT_NUMBER, SEAT_TYPE, HALL_ID) VALUES ('2', '2', 'COMMON', '1');
INSERT INTO SEATS (ROW_NUMBER, SEAT_NUMBER, SEAT_TYPE, HALL_ID) VALUES ('2', '3', 'COMMON', '1');
INSERT INTO SEATS (ROW_NUMBER, SEAT_NUMBER, SEAT_TYPE, HALL_ID) VALUES ('2', '4', 'COMMON', '1');
INSERT INTO SEATS (ROW_NUMBER, SEAT_NUMBER, SEAT_TYPE, HALL_ID) VALUES ('2', '5', 'COMMON', '1');
INSERT INTO SEATS (ROW_NUMBER, SEAT_NUMBER, SEAT_TYPE, HALL_ID) VALUES ('2', '6', 'COMMON', '1');

INSERT INTO SEATS (ROW_NUMBER, SEAT_NUMBER, SEAT_TYPE, HALL_ID) VALUES ('3', '1', 'COMMON', '1');
INSERT INTO SEATS (ROW_NUMBER, SEAT_NUMBER, SEAT_TYPE, HALL_ID) VALUES ('3', '2', 'COMMON', '1');
INSERT INTO SEATS (ROW_NUMBER, SEAT_NUMBER, SEAT_TYPE, HALL_ID) VALUES ('3', '3', 'COMMON', '1');
INSERT INTO SEATS (ROW_NUMBER, SEAT_NUMBER, SEAT_TYPE, HALL_ID) VALUES ('3', '4', 'COMMON', '1');
INSERT INTO SEATS (ROW_NUMBER, SEAT_NUMBER, SEAT_TYPE, HALL_ID) VALUES ('3', '5', 'COMMON', '1');
INSERT INTO SEATS (ROW_NUMBER, SEAT_NUMBER, SEAT_TYPE, HALL_ID) VALUES ('3', '6', 'COMMON', '1');

INSERT INTO SEATS (ROW_NUMBER, SEAT_NUMBER, SEAT_TYPE, HALL_ID) VALUES ('4', '1',  'ADVANCED', '1');
INSERT INTO SEATS (ROW_NUMBER, SEAT_NUMBER, SEAT_TYPE, HALL_ID) VALUES ('4', '2',  'ADVANCED', '1');
INSERT INTO SEATS (ROW_NUMBER, SEAT_NUMBER, SEAT_TYPE, HALL_ID) VALUES ('4', '3',  'ADVANCED', '1');


INSERT INTO SEATS (ROW_NUMBER, SEAT_NUMBER, SEAT_TYPE, HALL_ID) VALUES ('1', '1', 'COMMON', '2');
INSERT INTO SEATS (ROW_NUMBER, SEAT_NUMBER, SEAT_TYPE, HALL_ID) VALUES ('1', '2', 'COMMON', '2');
INSERT INTO SEATS (ROW_NUMBER, SEAT_NUMBER, SEAT_TYPE, HALL_ID) VALUES ('1', '3', 'COMMON', '2');
INSERT INTO SEATS (ROW_NUMBER, SEAT_NUMBER, SEAT_TYPE, HALL_ID) VALUES ('1', '4', 'COMMON', '2');
INSERT INTO SEATS (ROW_NUMBER, SEAT_NUMBER, SEAT_TYPE, HALL_ID) VALUES ('1', '5', 'COMMON', '2');
INSERT INTO SEATS (ROW_NUMBER, SEAT_NUMBER, SEAT_TYPE, HALL_ID) VALUES ('1', '6', 'COMMON', '2');

INSERT INTO SEATS (ROW_NUMBER, SEAT_NUMBER, SEAT_TYPE, HALL_ID) VALUES ('2', '1', 'COMMON', '2');
INSERT INTO SEATS (ROW_NUMBER, SEAT_NUMBER, SEAT_TYPE, HALL_ID) VALUES ('2', '2', 'COMMON', '2');
INSERT INTO SEATS (ROW_NUMBER, SEAT_NUMBER, SEAT_TYPE, HALL_ID) VALUES ('2', '3', 'COMMON', '2');
INSERT INTO SEATS (ROW_NUMBER, SEAT_NUMBER, SEAT_TYPE, HALL_ID) VALUES ('2', '4', 'COMMON', '2');
INSERT INTO SEATS (ROW_NUMBER, SEAT_NUMBER, SEAT_TYPE, HALL_ID) VALUES ('2', '5', 'COMMON', '2');
INSERT INTO SEATS (ROW_NUMBER, SEAT_NUMBER, SEAT_TYPE, HALL_ID) VALUES ('2', '6', 'COMMON', '2');

INSERT INTO SEATS (ROW_NUMBER, SEAT_NUMBER, SEAT_TYPE, HALL_ID) VALUES ('3', '1', 'COMMON', '2');
INSERT INTO SEATS (ROW_NUMBER, SEAT_NUMBER, SEAT_TYPE, HALL_ID) VALUES ('3', '2', 'COMMON', '2');
INSERT INTO SEATS (ROW_NUMBER, SEAT_NUMBER, SEAT_TYPE, HALL_ID) VALUES ('3', '3', 'COMMON', '2');
INSERT INTO SEATS (ROW_NUMBER, SEAT_NUMBER, SEAT_TYPE, HALL_ID) VALUES ('3', '4', 'COMMON', '2');
INSERT INTO SEATS (ROW_NUMBER, SEAT_NUMBER, SEAT_TYPE, HALL_ID) VALUES ('3', '5', 'COMMON', '2');
INSERT INTO SEATS (ROW_NUMBER, SEAT_NUMBER, SEAT_TYPE, HALL_ID) VALUES ('3', '6', 'COMMON', '2');

INSERT INTO SEATS (ROW_NUMBER, SEAT_NUMBER, SEAT_TYPE, HALL_ID) VALUES ('4', '1', 'COMMON', '2');
INSERT INTO SEATS (ROW_NUMBER, SEAT_NUMBER, SEAT_TYPE, HALL_ID) VALUES ('4', '2', 'COMMON', '2');
INSERT INTO SEATS (ROW_NUMBER, SEAT_NUMBER, SEAT_TYPE, HALL_ID) VALUES ('4', '3', 'COMMON', '2');
INSERT INTO SEATS (ROW_NUMBER, SEAT_NUMBER, SEAT_TYPE, HALL_ID) VALUES ('4', '4', 'COMMON', '2');
INSERT INTO SEATS (ROW_NUMBER, SEAT_NUMBER, SEAT_TYPE, HALL_ID) VALUES ('4', '5', 'COMMON', '2');
INSERT INTO SEATS (ROW_NUMBER, SEAT_NUMBER, SEAT_TYPE, HALL_ID) VALUES ('4', '6', 'COMMON', '2');


INSERT INTO SEATS (ROW_NUMBER, SEAT_NUMBER, SEAT_TYPE, HALL_ID) VALUES ('1', '1', 'COMMON', '3');
INSERT INTO SEATS (ROW_NUMBER, SEAT_NUMBER, SEAT_TYPE, HALL_ID) VALUES ('1', '2', 'COMMON', '3');
INSERT INTO SEATS (ROW_NUMBER, SEAT_NUMBER, SEAT_TYPE, HALL_ID) VALUES ('1', '3', 'COMMON', '3');
INSERT INTO SEATS (ROW_NUMBER, SEAT_NUMBER, SEAT_TYPE, HALL_ID) VALUES ('1', '4', 'COMMON', '3');
INSERT INTO SEATS (ROW_NUMBER, SEAT_NUMBER, SEAT_TYPE, HALL_ID) VALUES ('1', '5', 'COMMON', '3');
INSERT INTO SEATS (ROW_NUMBER, SEAT_NUMBER, SEAT_TYPE, HALL_ID) VALUES ('1', '6', 'COMMON', '3');

INSERT INTO SEATS (ROW_NUMBER, SEAT_NUMBER, SEAT_TYPE, HALL_ID) VALUES ('2', '1', 'COMMON', '3');
INSERT INTO SEATS (ROW_NUMBER, SEAT_NUMBER, SEAT_TYPE, HALL_ID) VALUES ('2', '2', 'COMMON', '3');
INSERT INTO SEATS (ROW_NUMBER, SEAT_NUMBER, SEAT_TYPE, HALL_ID) VALUES ('2', '3', 'COMMON', '3');
INSERT INTO SEATS (ROW_NUMBER, SEAT_NUMBER, SEAT_TYPE, HALL_ID) VALUES ('2', '4', 'COMMON', '3');
INSERT INTO SEATS (ROW_NUMBER, SEAT_NUMBER, SEAT_TYPE, HALL_ID) VALUES ('2', '5', 'COMMON', '3');
INSERT INTO SEATS (ROW_NUMBER, SEAT_NUMBER, SEAT_TYPE, HALL_ID) VALUES ('2', '6', 'COMMON', '3');

INSERT INTO SEATS (ROW_NUMBER, SEAT_NUMBER, SEAT_TYPE, HALL_ID) VALUES ('3', '1', 'COMMON', '3');
INSERT INTO SEATS (ROW_NUMBER, SEAT_NUMBER, SEAT_TYPE, HALL_ID) VALUES ('3', '2', 'COMMON', '3');
INSERT INTO SEATS (ROW_NUMBER, SEAT_NUMBER, SEAT_TYPE, HALL_ID) VALUES ('3', '3', 'COMMON', '3');
INSERT INTO SEATS (ROW_NUMBER, SEAT_NUMBER, SEAT_TYPE, HALL_ID) VALUES ('3', '4', 'COMMON', '3');
INSERT INTO SEATS (ROW_NUMBER, SEAT_NUMBER, SEAT_TYPE, HALL_ID) VALUES ('3', '5', 'COMMON', '3');
INSERT INTO SEATS (ROW_NUMBER, SEAT_NUMBER, SEAT_TYPE, HALL_ID) VALUES ('3', '6', 'COMMON', '3');

INSERT INTO SEATS (ROW_NUMBER, SEAT_NUMBER, SEAT_TYPE, HALL_ID) VALUES ('4', '1', 'ADVANCED', '3');
INSERT INTO SEATS (ROW_NUMBER, SEAT_NUMBER, SEAT_TYPE, HALL_ID) VALUES ('4', '2', 'ADVANCED', '3');
INSERT INTO SEATS (ROW_NUMBER, SEAT_NUMBER, SEAT_TYPE, HALL_ID) VALUES ('4', '3', 'ADVANCED', '3');


INSERT INTO SEATS (ROW_NUMBER, SEAT_NUMBER, SEAT_TYPE, HALL_ID) VALUES ('1', '1', 'COMMON', '4');
INSERT INTO SEATS (ROW_NUMBER, SEAT_NUMBER, SEAT_TYPE, HALL_ID) VALUES ('1', '2', 'COMMON', '4');
INSERT INTO SEATS (ROW_NUMBER, SEAT_NUMBER, SEAT_TYPE, HALL_ID) VALUES ('1', '3', 'COMMON', '4');
INSERT INTO SEATS (ROW_NUMBER, SEAT_NUMBER, SEAT_TYPE, HALL_ID) VALUES ('1', '4', 'COMMON', '4');
INSERT INTO SEATS (ROW_NUMBER, SEAT_NUMBER, SEAT_TYPE, HALL_ID) VALUES ('1', '5', 'COMMON', '4');
INSERT INTO SEATS (ROW_NUMBER, SEAT_NUMBER, SEAT_TYPE, HALL_ID) VALUES ('1', '6', 'COMMON', '4');

INSERT INTO SEATS (ROW_NUMBER, SEAT_NUMBER, SEAT_TYPE, HALL_ID) VALUES ('2', '1', 'COMMON', '4');
INSERT INTO SEATS (ROW_NUMBER, SEAT_NUMBER, SEAT_TYPE, HALL_ID) VALUES ('2', '2', 'COMMON', '4');
INSERT INTO SEATS (ROW_NUMBER, SEAT_NUMBER, SEAT_TYPE, HALL_ID) VALUES ('2', '3', 'COMMON', '4');
INSERT INTO SEATS (ROW_NUMBER, SEAT_NUMBER, SEAT_TYPE, HALL_ID) VALUES ('2', '4', 'COMMON', '4');
INSERT INTO SEATS (ROW_NUMBER, SEAT_NUMBER, SEAT_TYPE, HALL_ID) VALUES ('2', '5', 'COMMON', '4');
INSERT INTO SEATS (ROW_NUMBER, SEAT_NUMBER, SEAT_TYPE, HALL_ID) VALUES ('2', '6', 'COMMON', '4');

INSERT INTO SEATS (ROW_NUMBER, SEAT_NUMBER, SEAT_TYPE, HALL_ID) VALUES ('3', '1', 'COMMON', '4');
INSERT INTO SEATS (ROW_NUMBER, SEAT_NUMBER, SEAT_TYPE, HALL_ID) VALUES ('3', '2', 'COMMON', '4');
INSERT INTO SEATS (ROW_NUMBER, SEAT_NUMBER, SEAT_TYPE, HALL_ID) VALUES ('3', '3', 'COMMON', '4');
INSERT INTO SEATS (ROW_NUMBER, SEAT_NUMBER, SEAT_TYPE, HALL_ID) VALUES ('3', '4', 'COMMON', '4');
INSERT INTO SEATS (ROW_NUMBER, SEAT_NUMBER, SEAT_TYPE, HALL_ID) VALUES ('3', '5', 'COMMON', '4');
INSERT INTO SEATS (ROW_NUMBER, SEAT_NUMBER, SEAT_TYPE, HALL_ID) VALUES ('3', '6', 'COMMON', '4');

INSERT INTO SEATS (ROW_NUMBER, SEAT_NUMBER, SEAT_TYPE, HALL_ID) VALUES ('4', '1',  'ADVANCED', '4');
INSERT INTO SEATS (ROW_NUMBER, SEAT_NUMBER, SEAT_TYPE, HALL_ID) VALUES ('4', '2',  'ADVANCED', '4');
INSERT INTO SEATS (ROW_NUMBER, SEAT_NUMBER, SEAT_TYPE, HALL_ID) VALUES ('4', '3',  'ADVANCED', '4');

INSERT INTO MOVIES (ID, NAME, IMG_URL, GENRES, ACTIVE) VALUES (
'1',
'Blade runner 2049',
'http://localhost:4000/soon1.png',
'Biography/Crime/Drama',
'true');

INSERT INTO MOVIES (ID, NAME, IMG_URL, GENRES, ACTIVE) VALUES (
'2',
'Attack on Titan',
'http://localhost:4000/soon2.png',
'Biography/Crime/Drama',
'true');

INSERT INTO MOVIES (ID, NAME, IMG_URL, GENRES, ACTIVE) VALUES (
'3',
'Monster',
'http://localhost:4000/soon3.png',
'Biography/Crime/Drama',
'true');

INSERT INTO MOVIES (ID, NAME, IMG_URL, GENRES, ACTIVE) VALUES (
'4',
'March Comes in like a lion',
'http://localhost:4000/soon4.png',
'Biography/Crime/Drama',
'true');

INSERT INTO MOVIES (ID, NAME, IMG_URL, GENRES, ACTIVE) VALUES (
'5',
'Reservoir Dogs',
'http://localhost:4000/soon5.png',
'Biography/Crime/Drama',
'true');

INSERT INTO MOVIES (ID, NAME, IMG_URL, GENRES, ACTIVE) VALUES (
'6',
'Nier Automata',
'http://localhost:4000/soon6.png',
'Biography/Crime/Drama',
'true');

INSERT INTO MOVIES (ID, NAME, IMG_URL, GENRES, ACTIVE) VALUES (
'7',
'The Heteful Eight',
'http://localhost:4000/soon7.png',
'Biography/Crime/Drama',
'true');

INSERT INTO MOVIES (ID, NAME, IMG_URL, GENRES, ACTIVE) VALUES (
'8',
'Django Unchained',
'http://localhost:4000/soon8.png',
'Biography/Crime/Drama',
'true');

INSERT INTO MOVIES (ID, NAME, IMG_URL, GENRES, ACTIVE) VALUES (
'9',
'Evangelion',
'http://localhost:4000/soon9.png',
'Biography/Crime/Drama',
'true');

INSERT INTO MOVIES (ID, NAME, IMG_URL, GENRES, ACTIVE) VALUES (
'10',
'The Heteful Eight',
'http://localhost:4000/soon10.png',
'Biography/Crime/Drama',
'true');

INSERT INTO SHOWINGS (ID, DATE, SHOW_TIME, MOVIE_ID, HALL_ID) VALUES (
'1',
{ts '2012-09-17 18:47:52.69'},
'20:15',
'1',
'1'
);

INSERT INTO SHOWINGS (ID, DATE, SHOW_TIME, MOVIE_ID, HALL_ID) VALUES (
'2',
{ts '2012-09-17 18:47:52.69'},
'20:30',
'2',
'1'
);

INSERT INTO SHOWINGS (ID, DATE, SHOW_TIME, MOVIE_ID, HALL_ID) VALUES (
'3',
{ts '2012-09-17 18:47:52.69'},
'20:30',
'3',
'1'
);

INSERT INTO SHOWINGS (ID, DATE, SHOW_TIME, MOVIE_ID, HALL_ID) VALUES (
'4',
{ts '2012-09-17 18:47:52.69'},
'20:30',
'4',
'1'
);

INSERT INTO SHOWINGS (ID, DATE, SHOW_TIME, MOVIE_ID, HALL_ID) VALUES (
'5',
{ts '2012-09-17 18:47:52.69'},
'20:30',
'5',
'1'
);